Title,Author,Runtime,Price,Language,Release Date,Rating
Emerita Divided,Daniel Schinhofen,10 hrs and 23 mins,$24.95,English,04-18-25,5
Mr. Charming,Piper Rayne,9 hrs and 16 mins,$19.95,English,04-18-25,4.5
GigaBeasts,"Gwen Grayson, Edgar Riggs",11 hrs,$48.99,English,04-18-25,5
Isles of the Emberdark,Brandon Sanderson,16 hrs and 51 mins,$14.69,English,11-01-25,Not rated yet
Prepper Nation: Ignorance Is Strength,Tom Abrahams,8 hrs and 41 mins,$19.95,English,04-18-25,Not rated yet
Jack,Susan May Warren,8 hrs and 39 mins,$19.95,English,04-18-25,5
"De Smet's Letters and Sketches, 1841-1842",Pierre-Jean de Smet,8 hrs and 8 mins,$19.95,English,04-15-25,Not rated yet
Bull Rush,Maggie Rawdon,11 hrs and 5 mins,$24.95,English,04-18-25,4.5
Mind Power,Olivia Stone,12 hrs and 16 mins,$24.95,English,04-16-25,Not rated yet
The Golden Goblin,Terry Mancour,19 hrs,$54.99,English,07-15-25,Not rated yet
When the Music Plays,Macario Jackie,1 hr and 22 mins,$6.95,English,04-17-25,Not rated yet
The Wedding Heist,Sheila Calipay,1 hr and 30 mins,$6.95,English,04-14-25,Not rated yet
England Since Waterloo,Sir John Arthur Ransome Marriott,24 hrs and 51 mins,$29.95,English,04-14-25,Not rated yet
Whispers of the Hollow,Nicholas Meshew,2 hrs and 16 mins,$6.95,English,04-17-25,Not rated yet
"Somewhere, Somehow, Maeron",Jason S Brenner,1 hr and 24 mins,$6.95,English,04-18-25,Not rated yet
Dream Girls Staycation,Virgil Knightley,7 hrs and 1 min,$46.19,English,04-18-25,4.5
Rage World,B.V. Larson,12 hrs and 18 mins,$49.90,English,07-01-25,Not rated yet
Stillness in Nice,Tracy McGlone,2 hrs and 19 mins,$6.95,English,04-17-25,Not rated yet
Europe and Elsewhere,Mark Twain,12 hrs and 58 mins,$24.95,English,04-14-25,Not rated yet
A Fatal Illusion,"Matthew Costello, Neil Richards",3 hrs and 30 mins,$4.89,English,04-25-25,Not rated yet
Notes on Being a Man,Scott Galloway,8 hrs,$18.74,English,11-04-25,Not rated yet
That Sumner,Jiwen Chen,2 hrs and 19 mins,$6.95,English,04-16-25,Not rated yet
Dead Tired III,RavensDagger,8 hrs and 55 mins,$19.95,English,04-29-25,Not rated yet
Twelve Months,Jim Butcher,15 hrs,$24.30,English,01-20-26,Not rated yet
"Azarinth Healer, Book Five",Rhaegar,20 hrs and 18 mins,$29.95,English,04-29-25,Not rated yet
"Otter Cove Shifters Complete Collection, Books 1-9",Delta James,40 hrs and 17 mins,$29.95,English,04-17-25,5
The Reluctant Wife,L. Steele,13 hrs and 25 mins,$24.95,English,04-18-25,Not rated yet
Path of the Berserker 4: A Daopocalypse Progression Fantasy,Rick Scott,15 hrs and 32 mins,$49.90,English,05-06-25,Not rated yet
The Best Man,"Malcolm D. Lee, Jayne Allen",8 hrs,$19.80,English,07-01-25,Not rated yet
Fresh Every Hour,John Peter Toohey,6 hrs and 10 mins,$19.95,English,04-02-25,Not rated yet
"The End of The End (Zombie Fallout, Book 25)",Mark Tufo,Not Yet Known,$24.95,English,07-22-25,Not rated yet
Hand of Fate,"J.N. Chaney, Terry Maggert",10 hrs and 14 mins,$33.90,English,05-13-25,Not rated yet
Murder at Hambledon Hall,C. J. Archer,8 hrs and 16 mins,$27.25,English,06-03-25,Not rated yet
Waved Away,Will Nesbitt,4 hrs and 37 mins,$14.95,English,04-01-25,5
The Book of Evelyn,Geraldine Bonner,7 hrs and 37 mins,$19.95,English,04-16-25,Not rated yet
Around the Camp-Fire,Sir Charles G. D. Roberts,8 hrs and 15 mins,$19.95,English,04-09-25,Not rated yet
Cardinal Wolsey,Mandell Creighton,6 hrs and 28 mins,$19.95,English,04-10-25,Not rated yet
"The Adventures of Captain Bonneville, U. S. A., in the Rocky Mountains and the Far West","Washington Irving, Benjamin Louis Eulalie de Bonneville",12 hrs and 18 mins,$24.95,English,04-10-25,Not rated yet
The Lost Fleet Omnibus: Books 1-5,Sarah Hawke,57 hrs and 50 mins,$61.25,English,04-18-25,5
Gallipoli Diary,John Graham Gillam,12 hrs and 5 mins,$24.95,English,04-08-25,Not rated yet
Odyssey,Stephen Fry,10 hrs and 36 mins,$21.83,English,05-13-25,Not rated yet
The System,Nicole Pyland,9 hrs and 23 mins,$19.95,English,04-17-25,5
Return to Sender,Craig Johnson,11 hrs and 45 mins,$25.00,English,05-27-25,Not rated yet
Gateway,Craig Alanson,21 hrs and 40 mins,$59.99,English,04-29-25,Not rated yet
From the Trash Man to the Cash Man,Myron Golden,4 hrs,$14.95,English,04-18-25,Not rated yet
The War Game: Beachhead Episode,August Aird,10 hrs and 56 mins,$48.99,English,04-18-25,5
"Do You Know, Class President?",Alexandra Pentimonti,1 hr and 59 mins,$6.95,English,04-14-25,Not rated yet
George's Big Day,Mary Calmes,3 hrs and 1 min,$14.95,English,04-17-25,5
Thunder Game,Christine Feehan,12 hrs and 4 mins,$25.00,English,05-06-25,Not rated yet
Rasputin and the Russian Revolution,Princess Catherine Radziwill,6 hrs and 46 mins,$19.95,English,04-09-25,Not rated yet
Eternal Vow,Marek Skovajsa,1 hr and 54 mins,$6.95,English,04-14-25,Not rated yet
Dragon's Hoard 3,Gwen Grayson,10 hrs,$48.99,English,04-18-25,5
The Richest Man in Babylon,George S. Clason,3 hrs and 31 mins,$14.95,English,04-10-25,Not rated yet
A Darkwyrlds Tale,Devan Drake,12 hrs and 18 mins,$48.99,English,04-18-25,5
He Who Fights with Monsters 12: A LitRPG Adventure,"Shirtaloon, Travis Deverell",20 hrs and 26 mins,$54.99,English,05-20-25,Not rated yet
A Brief History of Chronomancy,Andrew Rowe,15 hrs and 14 mins,$33.90,English,07-22-25,Not rated yet
Come for Me,CJ Sweet,7 hrs and 51 mins,$19.95,English,04-16-25,5
The Hurricane Hunters,Ivan Ray Tannehill,9 hrs and 11 mins,$19.95,English,04-09-25,3
The Last Invention,Ethan Vale,10 hrs and 16 mins,$24.95,English,04-09-25,Not rated yet
The Essence of Christianity,Ludwig Feuerbach,13 hrs and 57 mins,$24.95,English,04-09-25,Not rated yet
The Art of Winning,Bill Belichick,9 hrs,$19.49,English,05-06-25,Not rated yet
Cher: Part Two,Cher,Not Yet Known,$25.47,English,11-18-25,Not rated yet
Easy & Delicious Keto Recipes for Beginners,Alicia Jordan,7 hrs and 13 mins,$19.95,English,04-02-25,5
Merchant of Rebellion,Bruce Sentar,15 hrs and 55 mins,$24.95,English,04-09-25,5
The Haunting of Georgia Manor,Marie Wilkens,6 hrs and 43 mins,$19.95,English,04-15-25,Not rated yet
I Wish Someone Had Told Me . . .,Dana Perino,7 hrs and 14 mins,$21.59,English,04-22-25,Not rated yet
The Succubi,Apollos Thorne,14 hrs and 28 mins,$33.90,English,04-22-25,Not rated yet
"Love, Lies, and Secrets",Yana Feldman,1 hr and 31 mins,$6.95,English,04-09-25,Not rated yet
Whispers and Wildfire,Claire Kingsley,10 hrs and 23 mins,$24.95,English,04-10-25,4.5
Uptown Girl,Christie Brinkley,14 hrs and 31 mins,$25.19,English,04-29-25,Not rated yet
How Countries Go Broke,Ray Dalio,9 hrs,$19.49,English,06-03-25,Not rated yet
La Vie de Guinevere,Paula Lafferty,16 hrs and 16 mins,$20.91,English,04-18-25,Not rated yet
The Widow,John Grisham,11 hrs and 30 mins,$22.50,English,10-21-25,Not rated yet
Rewrite My Heart,Mona Zughbi,1 hr and 47 mins,$6.95,English,04-10-25,Not rated yet
Uncommon Favor,Dawn Staley,8 hrs,$18.74,English,05-20-25,Not rated yet
Original Sin,"Jake Tapper, Alex Thompson",8 hrs and 52 mins,$19.80,English,05-20-25,Not rated yet
"Lanagan, Amateur Detective",Edward H. Hurlbut,6 hrs and 27 mins,$19.95,English,04-09-25,Not rated yet
Bridesmaid by Chance,Meghan Quinn,14 hrs and 38 mins,$24.95,English,04-15-25,5
Star Wars: Master of Evil,Adam Christopher,13 hrs,$23.40,English,11-11-25,Not rated yet
Events Cowles: Resident Skeptic Current,Brandi Boatwright,1 hr and 26 mins,$6.95,English,04-14-25,Not rated yet
Bog Standard Isekai: Nightmares,Miles English,21 hrs and 23 mins,$29.95,English,03-31-25,5
The Proving Ground,Michael Connelly,12 hrs,$21.83,English,10-21-25,Not rated yet
The Secret of Secrets,Dan Brown,20 hrs,$29.25,English,09-09-25,Not rated yet
The Seven Rings,Nora Roberts,14 hrs and 30 mins,$24.74,English,11-18-25,Not rated yet
The Beast of Littleton Woods,T E Kinsey,8 hrs and 26 mins,$25.19,English,05-06-25,Not rated yet
Onyx Storm (Part 1 of 2) (Dramatized Adaptation),Rebecca Yarros,9 hrs,$20.00,English,05-07-25,Not rated yet
Spring's Descent,C.L. Briar,10 hrs and 48 mins,$24.95,English,04-18-25,5
The Devils,Joe Abercrombie,25 hrs and 6 mins,$33.74,English,05-13-25,Not rated yet
A New Home,Bainin,16 hrs and 29 mins,$54.99,English,04-15-25,5
All the Way to the River,Elizabeth Gilbert,13 hrs,$23.40,English,09-09-25,Not rated yet
Never Flinch,Stephen King,20 hrs,$26.24,English,05-27-25,Not rated yet
Justice in the Keys: A Logan Dodge Adventure,Matthew Rief,7 hrs and 6 mins,$19.95,English,04-17-25,Not rated yet
Casanova LLC,Julia Whelan,9 hrs and 40 mins,$19.59,English,04-18-25,Not rated yet
Caught Up,Navessa Allen,Not Yet Known,$48.99,English,06-10-25,Not rated yet
"Heretical Fishing 4: A Cozy Guide to Annoying the Cults, Outsmarting the Fish, and Alienating Oneself",Haylock Jobson,21 hrs and 6 mins,$59.99,English,08-26-25,Not rated yet
Veil of Shadows,Krista Street,10 hrs and 55 mins,$24.95,English,04-18-25,Not rated yet
Odin's Fury,Peter Gibbons,10 hrs and 59 mins,$24.95,English,04-17-25,Not rated yet
The Golden,Shawna Williams,4 hrs and 9 mins,$14.95,English,04-07-25,Not rated yet
Secret Sister,Sarah A. Denzil,8 hrs and 48 mins,$21.81,English,04-07-25,4.5
The Complete Keto Meal Prep Cookbook for Beginners,Keira Davies,7 hrs and 31 mins,$19.95,English,03-24-25,5
The Ultimate Money Making Mindset,PABLO SANCHEZ,3 hrs and 22 mins,$14.95,English,02-05-25,Not rated yet
Marauder,Seth Ring,13 hrs and 30 mins,$20.73,English,04-29-25,Not rated yet
25 Alive,"James Patterson, Maxine Paetro",6 hrs and 40 mins,$19.49,English,04-28-25,Not rated yet
The Hallmarked Man,Robert Galbraith,32 hrs,$38.99,English,09-02-25,Not rated yet
King of Envy,Ana Huang,16 hrs and 19 mins,$13.90,English,04-29-25,Not rated yet
Estate Planning Made Easy,Emma Maxwell,3 hrs and 27 mins,$14.95,English,04-18-25,5
Big Dumb Eyes,Nate Bargatze,6 hrs and 56 mins,$19.49,English,05-06-25,Not rated yet
The Lost Bloodline 2,M. Tress,10 hrs,$48.99,English,04-15-25,5
The Anguish of the Scottish Lairds,Keira Montclair,8 hrs and 7 mins,$16.99,English,04-17-25,Not rated yet
Exit Strategy,"Lee Child, Andrew Child",12 hrs,$22.50,English,11-04-25,Not rated yet
Dead End,Annabel Chase,8 hrs and 58 mins,$19.95,English,04-15-25,5
Not Catching Love,Saxon James,7 hrs and 6 mins,$19.95,English,04-16-25,4.5
A Mutual Accord,Caroline Cartier,12 hrs and 5 mins,$24.95,English,04-18-25,Not rated yet
Ghostsong,pirateaba,21 hrs and 39 mins,$59.99,English,05-13-25,Not rated yet
The Shattering Peace,John Scalzi,Not Yet Known,$29.95,English,09-16-25,Not rated yet
The Unquiet Grave,Dervla McTiernan,11 hrs and 58 mins,$19.09,English,04-30-25,Not rated yet
Keto Cooking Made Easy,Saiful Islam,1 hr and 49 mins,$6.95,English,12-09-24,5
Historic Wonders to Explore,SOPHIA DAVIS,4 hrs and 6 mins,$14.95,English,03-07-25,Not rated yet
Enchantra,Kaylie Smith,11 hrs and 57 mins,$24.95,English,04-08-25,5
Control,Sean Oswald,15 hrs and 44 mins,$49.90,English,05-06-25,Not rated yet
Shadows at Midnight,"Robert J. Bradshaw, Velox Books",10 hrs and 15 mins,$24.95,English,04-17-25,5
Denied Access,"Vince Flynn, Don Bentley",13 hrs,$22.49,English,09-30-25,Not rated yet
The Legend of Kazro - Transcendent,D. R. R. Hatch,13 hrs and 45 mins,$24.95,English,04-14-25,4.5
镜花缘 [Mirror Flower Fate],qing li ru zhen,35 hrs and 17 mins,$29.95,Mandarin Chinese,02-22-25,5
Great Big Beautiful Life,Emily Henry,12 hrs and 2 mins,$20.25,English,04-22-25,Not rated yet
Trim Healthy Wisdom,"Pearl Barrett, Serene Allison",48 hrs and 43 mins,$29.95,English,04-17-25,Not rated yet
The Book of Alchemy,Suleika Jaouad,9 hrs and 19 mins,$20.25,English,04-22-25,Not rated yet
Prepped for the Fall,"Robert J. Walker, J.S Donovan, Carter Woods",28 hrs and 24 mins,$29.95,English,04-16-25,Not rated yet
Metabolic Freedom,Ben Azadi,9 hrs and 5 mins,$18.00,English,05-13-25,Not rated yet
Finding Her Panthers: Embracing the Bond,T. D. Edwards,8 hrs and 52 mins,$19.95,English,04-18-25,Not rated yet
The Housemaid's Wedding,Freida McFadden,2 hrs and 23 mins,$7.79,English,06-24-25,Not rated yet
The Hundredth Chance,Ethel M. Dell,16 hrs,$24.95,English,03-12-25,Not rated yet
Jagged Harts,Katelyn Taylor,11 hrs and 38 mins,$24.95,English,04-18-25,5
Star Wars: Shadows of the Empire,Steve Perry,13 hrs and 31 mins,$22.50,English,06-03-25,Not rated yet
Mark of the Fool 8,J.M. Clarke,16 hrs and 14 mins,$24.95,English,03-19-25,5
Undeniable,Cameron Hanes,8 hrs and 17 mins,$14.99,English,05-06-25,Not rated yet
The Silver Tomb,Hayriye Erkizan,2 hrs and 37 mins,$6.95,English,04-02-25,Not rated yet
(蓝皮）国学 儒林外史 [(Blue Skin) Chinese Studies Scholars],吴敬梓,29 hrs and 38 mins,$29.95,Mandarin Chinese,02-27-25,5
How to Win Friends & Influence People,Dale Carniege,7 hrs and 16 mins,$19.95,English,04-14-25,Not rated yet
Write Your Why (What Will Follow),Julia Whelan,21 mins,$3.42,English,04-18-25,5
Lights Out,Navessa Allen,13 hrs and 38 mins,$27.29,English,08-06-24,5
Resort Robbery,Jasmine Webb,5 hrs and 42 mins,$19.95,English,04-16-25,5
Marble Hall Murders,Anthony Horowitz,17 hrs and 38 mins,$21.59,English,05-13-25,Not rated yet
My Friends,Fredrik Backman,13 hrs and 7 mins,$22.49,English,05-06-25,Not rated yet
My Next Breath,Jeremy Renner,6 hrs and 35 mins,$14.99,English,04-29-25,Not rated yet
The Bible Says So,Dan McClellan,9 hrs and 14 mins,$20.24,English,04-29-25,Not rated yet
Atmosphere,Taylor Jenkins Reid,14 hrs,$22.50,English,06-03-25,Not rated yet
The Fate of the Day,Rick Atkinson,32 hrs and 26 mins,$32.40,English,04-29-25,Not rated yet
The Dungeon Anarchist's Cookbook,Matt Dinniman,16 hrs and 54 mins,$29.95,English,05-14-21,5
The Blind Man's Eyes,"Edwin Balmer, William MacHarg",11 hrs and 26 mins,$24.95,English,01-24-25,Not rated yet
The Woman Next Door,"Elle Gray, K.S. Gray",7 hrs and 12 mins,$19.95,English,04-17-25,Not rated yet
The Primal Hunter 11,Zogarth,23 hrs and 31 mins,$29.95,English,03-05-25,5
Ben Hur,Lew Wallace,22 hrs and 34 mins,$29.95,English,01-28-25,5
Cole,C.J. Petit,12 hrs and 47 mins,$24.95,English,04-16-25,5
Bourbon and Lies,Victoria Wilder,10 hrs and 58 mins,$24.95,English,04-04-25,5
Erotic Sex Short Stories,Emily Reid,10 hrs and 11 mins,$25.00,English,04-11-25,5
Carl's Doomsday Scenario,Matt Dinniman,11 hrs and 28 mins,$24.95,English,04-22-21,5
Oberon’s Bathtime Stories,Kevin Hearne,4 hrs and 29 mins,$14.95,English,04-10-25,4.5
Shadow's Heart,Kresley Cole,12 hrs and 26 mins,$24.95,English,04-02-25,5
The Ultimate Guide to Family Fairy Tales Collection,Edgar Galicia,3 hrs,$14.95,English,04-14-25,Not rated yet
Above the Illusion,Anthony Minaya,3 hrs and 51 mins,$14.95,English,04-18-25,5
The Genius,Theodore Dreiser,31 hrs and 49 mins,$29.95,English,01-27-25,Not rated yet
The Simple Keto Plan for Beginners 2025,Skye Bray,5 hrs,$14.95,English,03-20-25,5
Iron Gold (Part 2 of 2) (Dramatized Adaptation),Pierce Brown,11 hrs and 28 mins,$20.00,English,04-30-25,Not rated yet
The Power of Your Subconscious Mind,Joseph Murphy,6 hrs and 18 mins,$19.95,English,04-14-25,Not rated yet
Hidden Nature,Nora Roberts,14 hrs and 55 mins,$24.74,English,05-27-25,Not rated yet
Framed in Death,J. D. Robb,12 hrs and 51 mins,$20.24,English,09-02-25,Not rated yet
Cry Havoc,Jack Carr,15 hrs and 30 mins,$22.49,English,06-10-25,Not rated yet
The Primal of Blood and Bone,Jennifer L. Armentrout,24 hrs,$31.49,English,06-10-25,Not rated yet
The Fallen and the Kiss of Dusk,Carissa Broadbent,17 hrs and 46 mins,$49.90,English,08-05-25,Not rated yet
Dark Rebel’s Reckoning,I. T. Lucas,8 hrs and 44 mins,$19.95,English,04-14-25,5
Star Wars: The High Republic: Into the Light,Claudia Gray,9 hrs and 57 mins,$11.89,English,04-15-25,5
The Ultimate Keto Cookbook for Beginners 2025,Leon Heaney,7 hrs and 16 mins,$19.95,English,04-01-25,5
"Magic, Academies & Vampires",Benjamin Kerei,17 hrs and 8 mins,$49.90,English,06-03-25,Not rated yet
We Are All Guilty Here,Karin Slaughter,16 hrs,$24.29,English,08-12-25,Not rated yet
Cross-Checked,Julia Connors,11 hrs and 40 mins,$24.95,English,04-16-25,4.5
One Golden Summer,Carley Fortune,11 hrs,$20.25,English,05-06-25,Not rated yet
Can't Get Enough,Kennedy Ryan,14 hrs and 30 mins,$21.83,English,05-13-25,Not rated yet
Her Irish Wolves,Theodora Taylor,11 hrs and 26 mins,$24.95,English,04-14-25,4.5
Social Skills Books for Elementary Kids,Tremaine Joseph,3 hrs and 18 mins,$14.95,English,04-15-25,Not rated yet
Handyman,Aron Beauregard,10 hrs and 3 mins,$24.95,English,04-16-25,5
Social Media Addiction and Cell Phone Addiction Mastery Boxset,Gabrielle Townsend,8 hrs and 12 mins,$19.95,English,12-02-23,5
Fall of Us,Joelle Lynne,7 hrs,$19.95,English,04-16-25,5
Lt. Commander Reilly,Matthew O Duncan,8 hrs and 27 mins,$19.95,English,04-18-25,Not rated yet
We Can Do Hard Things,"Glennon Doyle, Abby Wambach, Amanda Doyle",12 hrs,$22.50,English,05-06-25,Not rated yet
Graveyard of Demons,Larry Correia,Not Yet Known,$29.95,English,05-20-25,Not rated yet
The Impossible Fortune,Richard Osman,11 hrs,$22.50,English,09-30-25,Not rated yet
The Kingdom of Cain,Andrew Klavan,6 hrs and 49 mins,$18.89,English,05-06-25,Not rated yet
Rise of the Living Forge 3,Actus,21 hrs and 11 mins,$29.95,English,04-16-25,5
Chaos,"Meg Anne, K. Loraine",8 hrs and 23 mins,$19.95,English,04-21-25,Not rated yet
Sweet View Ranch Cowboy Romance Box Set,Jessie Gussman,44 hrs and 36 mins,$29.95,English,04-18-25,Not rated yet
Magical Girl Crystal Genocide,RavensDagger,12 hrs and 14 mins,$24.95,English,04-14-25,5
Sherlock Holmes: The Definitive Collection,"Arthur Conan Doyle, Stephen Fry - introductions",71 hrs and 57 mins,$63.90,English,02-27-17,5
The Ghost Line,Scott Blade,13 hrs and 40 mins,$24.95,English,04-14-25,5
Nightshade,Michael Connelly,11 hrs and 30 mins,$21.83,English,05-20-25,Not rated yet
The Missing Half,"Ashley Flowers, Alex Kiester - contributor",8 hrs and 11 mins,$20.25,English,05-06-25,Not rated yet
The Monk,Matthew Gregory Lewis,15 hrs and 24 mins,$24.95,English,02-18-25,Not rated yet
Royal Scoundrel,Saxon James,3 hrs and 12 mins,$14.95,English,04-16-25,5
The Bridal Wreath,Sigrid Undset,11 hrs and 44 mins,$24.95,English,02-24-25,Not rated yet
Things I'm Avoiding Doing,Michael Neill,1 hr and 10 mins,$6.95,English,04-17-25,Not rated yet
"Chance, Annotated",Joseph Conrad,16 hrs and 54 mins,$24.95,English,12-31-24,Not rated yet
Farsight: Blade of Truth,Phil Kelly,13 hrs and 13 mins,$32.71,English,04-12-25,5
The Honeymoon,Jane E. James,7 hrs and 45 mins,$16.35,English,03-27-25,4.5
Kiss the Villain,Rina Kent,14 hrs and 26 mins,$24.95,English,03-20-25,5
The Crown of Gilded Bones (Part 1 of 2) (Dramatized Adaptation),Jennifer L. Armentrout,9 hrs,$20.00,English,05-16-25,Not rated yet
Sin with Me,Brooke Montgomery,9 hrs and 11 mins,$19.95,English,04-14-25,5
New Freedoms,Shawn Wilson,11 hrs and 29 mins,$33.90,English,04-22-25,Not rated yet
"How to Stop Being Negative, Angry, and Mean",Robert J. Manson,11 hrs and 4 mins,$24.95,English,04-08-25,5
The Tenant,Freida McFadden,8 hrs and 50 mins,$27.52,English,05-06-25,Not rated yet
Outlander,Diana Gabaldon,21 hrs and 20 mins,$38.00,English,04-29-25,Not rated yet
Always Salty,Lani Lynn Vale,6 hrs and 1 min,$19.95,English,04-04-25,5
Spring Enchantment Welcoming Renewal and Growth,Arthur Mark,3 hrs and 5 mins,$14.95,English,04-14-25,Not rated yet
Keto Kickstart Beginner-Friendly Recipes for a Healthy Lifestyle,Matthew Jackson,2 hrs and 38 mins,$6.95,English,12-13-24,Not rated yet
Phantasma,"Kaylie Smith, Diana Bürgel - Übersetzer, Julian Müller - Übersetzer",14 hrs and 4 mins,$24.64,German,04-16-25,Not rated yet
The Sexual Addicts Recovery Project 2 in 1 Value Collection,David Whitehead,5 hrs and 17 mins,$19.95,English,09-23-21,4.5
The Business Trip,Jessie Garcia,9 hrs and 7 mins,$14.99,English,01-14-25,4
911 Remembrance,"Michael Harbut, Michael Anderson",3 mins,$5.99,English,04-10-25,Not rated yet
The Gate of the Feral Gods,Matt Dinniman,18 hrs and 3 mins,$29.95,English,09-16-21,5
Diana of the Crossways (Complete Edition),George Meredith,16 hrs and 26 mins,$24.95,English,01-02-25,Not rated yet
The Crash,Freida McFadden,9 hrs and 13 mins,$27.45,English,01-28-25,4.5
The End of the World as We Know It,"Christopher Golden - contributor, Brian Keene - contributor, Stephen King - introduction",26 hrs and 30 mins,$29.99,English,08-19-25,Not rated yet
Shadow of the Solstice,Anne Hillerman,9 hrs and 40 mins,$25.19,English,04-22-25,Not rated yet
Galactic Patrol,E.E. Smith,8 hrs and 35 mins,$19.95,English,10-11-24,Not rated yet
High Sticking the Heart,Marie M.,9 hrs and 27 mins,$19.95,English,04-16-25,Not rated yet
Three to Fall,Elle Thorpe,10 hrs and 28 mins,$24.95,English,04-10-25,5
Shadow's Hoax,"Mary Stone, Lori Rhodes",6 hrs and 16 mins,$19.95,English,04-16-25,5
A History of the Papacy from the Great Schism to the Sack of Rome,Mandell Creighton,13 hrs and 39 mins,$24.95,English,10-11-24,Not rated yet
Champions Never Quit,Jacob Smith,3 hrs and 46 mins,$14.95,English,04-10-25,Not rated yet
The Things We Leave Unfinished,Rebecca Yarros,14 hrs and 32 mins,$21.49,English,02-23-21,4.5
The Lost Reclaimed,Tom Elliot,22 hrs and 6 mins,$61.25,English,04-09-25,5
Haunting Adeline,H. D. Carlton,15 hrs and 49 mins,$24.95,English,08-29-22,4.5
Unlock Your Success Code,Jacob Smith,3 hrs and 23 mins,$14.95,English,03-26-25,Not rated yet
"Apocalypse: Regression, Book 6","R.A. Mejia, Charles Dean",9 hrs and 19 mins,$19.95,English,04-10-25,4.5
Free Yourself from the Grip of Alcohol Addiction,Yvonne L.M. Cross,3 hrs and 48 mins,$14.95,English,08-27-24,5
Wicked Love,Willow Aster,8 hrs and 53 mins,$19.95,English,04-10-25,5
Age of Expansion,Jez Cajiao,23 hrs and 52 mins,$24.49,English,04-15-25,5
The Way We Collide,Tia Louise,9 hrs and 28 mins,$19.95,English,04-10-25,5
"Men of Inked Heatwave, Volume 2",Chelle Bliss,22 hrs and 9 mins,$29.95,English,04-16-25,Not rated yet
A Soul to Touch,Opal Reyne,18 hrs and 20 mins,$24.95,English,03-24-25,5
Throne of Glass (Dramatized Adaptation),Sarah J. Maas,11 hrs,$21.65,English,08-25-25,Not rated yet
The Black Wolf,Louise Penny,12 hrs and 51 mins,$20.24,English,10-28-25,Not rated yet
Fight,Sloane St. James,9 hrs and 50 mins,$19.95,English,03-28-25,4.5
Mark Twain,Ron Chernow,48 hrs,$36.00,English,05-13-25,Not rated yet
The Coming Dark 2,D.J. Molles,14 hrs and 1 min,$24.95,English,04-15-25,5
Unbreak Me,Jesse H Reign,10 hrs and 1 min,$24.95,English,04-16-25,4.5
Feral: MMMF,Mila Crawford,4 hrs and 39 mins,$14.95,English,04-01-25,4.5
Dungeon Noble: Squire,J. Parsons,16 hrs and 47 mins,$54.99,English,04-16-25,5
Road to Mastery 6,Valerios,22 hrs and 41 mins,$29.95,English,04-15-25,5
Tough Topics,K Kopp,4 hrs and 51 mins,$13.99,English,04-18-25,Not rated yet
Consumed by Fire,Charlene Hartnady,8 hrs and 17 mins,$19.95,English,04-17-25,Not rated yet
茶经 [The Classic of Tea],"陆羽, 北京国之学文化有限公司",4 hrs and 51 mins,$19.95,Mandarin Chinese,12-24-24,4.5
Sons of Valor IV: False Flag,"Brian Andrews, Jeffrey Wilson",11 hrs and 30 mins,$19.73,English,07-22-25,Not rated yet
Unrestrained Healer,Jonathan Brooks,14 hrs and 30 mins,$24.95,English,04-07-25,5
"Love, Mom",Iliana Xander,9 hrs and 37 mins,$19.95,English,02-11-25,4.5
Five Golden Coins Vol. 1,M.E. Thorne,13 hrs,$48.99,English,04-15-25,5
Rider's Dragon: The Complete Omnibus,Deacon Frost,43 hrs and 31 mins,$61.25,English,04-15-25,5
Magical Midlife Challenge (Dramatized Adaptation),K.F. Breene,9 hrs and 38 mins,$20.00,English,04-18-25,5
Cripps the Carrier,Richard Doddridge Blackmore,13 hrs and 39 mins,$24.95,English,04-01-25,Not rated yet
The Bachelors' Club,Israel Zangwill,9 hrs and 39 mins,$19.95,English,04-01-25,Not rated yet
All the Skills 5: A Deck-Building LitRPG,Honour Rae,11 hrs and 12 mins,$33.90,English,03-25-25,5
Rhythm of War,Brandon Sanderson,57 hrs and 26 mins,$41.24,English,11-17-20,5
The Forty Five Guardsmen,Alexandre Dumas,15 hrs and 30 mins,$24.95,English,02-05-25,Not rated yet
You Killed Me First,John Marrs,9 hrs and 44 mins,$30.09,English,03-04-25,4.5
Cell Phone and Screen Addiction Mastery: A 12-Step Guide to Get back Your Time!:,Gabrielle Townsend,5 hrs and 10 mins,$14.95,English,12-12-22,5
Trolling for Love,BL Maxwell,4 hrs and 18 mins,$14.95,English,04-16-25,4
Shadow of Justice,Robin James,9 hrs and 19 mins,$19.99,English,04-07-25,5
The Rotten Belly Society,Franklin Horton,7 hrs and 49 mins,$19.95,English,03-24-25,5
"Haumeah, Volume 4 (Demeter)",Alan D. Hansen,7 hrs and 49 mins,$19.95,English,07-31-24,5
A Court of Mist and Fury,Sarah J. Maas,23 hrs and 16 mins,$25.79,English,05-03-16,5
An Education in Magical Affairs: An Isekai LitRPG,SourpatchHero,16 hrs,$49.90,English,05-20-25,Not rated yet
The Crooked Shard,A.C. Salter,11 hrs and 57 mins,$24.95,English,04-16-25,4
Wildest Dreams,L.J. Shen,12 hrs and 36 mins,$24.95,English,04-08-25,5
Story of My Life,Lucy Score,16 hrs and 10 mins,$24.95,English,03-11-25,4.5
Dragon Day,Bob Proehl,6 hrs and 29 mins,$29.95,English,03-27-25,4.5
Take Control of Your Life,Mel Robbins,10 hrs and 3 mins,$29.95,English,02-07-19,5
Throb,Vi Keeland,7 hrs and 47 mins,$19.95,English,04-02-25,4.5
A Legacy of Technology,Santos Rivera,3 hrs and 2 mins,$14.95,English,04-14-25,Not rated yet
Embracing a Sustainable Future with Green Technology,Theo Dale,3 hrs and 52 mins,$14.95,English,04-14-25,Not rated yet
Professor,Autumn Gaze,6 hrs and 32 mins,$19.95,English,04-15-25,4.5
House of Earth and Blood,Sarah J. Maas,27 hrs and 50 mins,$49.95,English,03-03-20,5
Gold Digger,Susie Tate,9 hrs and 50 mins,$19.95,English,04-07-25,4.5
Find Me,Molly Garcia,6 hrs and 53 mins,$19.95,English,04-15-25,3
Reverence,Milena McKay,9 hrs and 24 mins,$13.99,English,04-15-25,5
Iron Flame,Rebecca Yarros,28 hrs and 16 mins,$30.09,English,11-07-23,5
Amber the Cursed Berserker: Book 1,"V.A. Lewis, Azrie",17 hrs and 39 mins,$29.95,English,04-01-25,4.5
The Chronicles of Narnia Complete Audio Collection,C. S. Lewis,33 hrs and 45 mins,$46.79,English,12-27-19,5
That Affair at Portstead Manor,Gladys Edson Locke,5 hrs and 37 mins,$19.95,English,01-31-25,Not rated yet
"Baby, Be Mine",Taryn Quinn,8 hrs and 12 mins,$19.95,English,04-18-25,Not rated yet
The Art of Mastering Effectiveness,Jacob Smith,3 hrs and 40 mins,$14.95,English,04-07-25,Not rated yet
Strangers in Time,David Baldacci,13 hrs and 44 mins,$24.95,English,04-15-25,5
A Court of Frost and Starlight,Sarah J. Maas,6 hrs and 23 mins,$17.19,English,05-01-18,4.5
The Two Towers,J. R. R. Tolkien,20 hrs and 46 mins,$25.79,English,09-16-21,5
Battle Mountain,C.J. Box,10 hrs and 2 mins,$21.49,English,02-25-25,5
"Harry Potter and the Order of the Phoenix, Book 5",J.K. Rowling,26 hrs and 28 mins,$44.99,English,11-20-15,5
Undeniably Enemies,J. Saman,10 hrs and 39 mins,$24.95,English,03-31-25,5
Steadfast Hand,M. Tress,12 hrs and 3 mins,$33.90,English,04-11-25,5
Doblan por los mastines [Toll of the Hounds],"Steven Erikson, Silvia Schettin Pérez - translator",46 hrs and 38 mins,$31.84,Spanish,04-17-25,Not rated yet
For Whom the Belle Tolls,Jaysea Lynn,23 hrs and 38 mins,$26.24,English,04-01-25,5
The Silent Patient,Alex Michaelides,8 hrs and 33 mins,$20.24,English,02-05-19,4.5
"Witch and Mercenary, Vol. 2",Chohokiteki Kaeru,7 hrs and 22 mins,$19.95,English,04-17-25,Not rated yet
He Who Fights with Monsters: A LitRPG Adventure,"Shirtaloon, Travis Deverell",28 hrs and 56 mins,$38.00,English,03-09-21,5
The Power of Positive Mindset,Joseph Monfils,4 hrs and 16 mins,$14.95,English,01-31-25,Not rated yet
"Harry Potter and the Goblet of Fire, Book 4",J.K. Rowling,20 hrs and 36 mins,$44.99,English,11-20-15,5
Return to Demeter,Alan 'Doc' Hansen,6 hrs and 19 mins,$19.95,English,07-31-24,5
The Complete Friedrich Nietzsche Philosophy Collection,Friedrich Nietzsche,106 hrs,$29.95,English,03-28-25,5
Protocols,Andrew D. Huberman Ph.D.,11 hrs,$20.24,English,09-09-25,Not rated yet
The Radio Beasts,Ralph Milne Farley,8 hrs and 7 mins,$19.95,English,02-12-25,Not rated yet
Golden Son,Pierce Brown,19 hrs and 3 mins,$25.79,English,01-06-15,5
A People's History of the United States,Howard Zinn,34 hrs and 8 mins,$44.09,English,12-14-09,4.5
Crown of Midnight,Sarah J. Maas,12 hrs and 43 mins,$25.00,English,01-28-21,5
The Seven Frequencies of Communication,Erwin Raphael McManus,3 hrs and 4 mins,$14.95,English,04-08-25,5
Fahrenheit-182,"Mark Hoppus, Dan Ozzi - contributor",7 hrs and 13 mins,$19.79,English,04-08-25,5
1% Lifesteal,Robert Blaise,16 hrs and 36 mins,$24.95,English,03-18-25,4.5
"Warlock, Book Two",Daniel Kensington,13 hrs and 12 mins,$33.90,English,03-26-25,5
The Vampire and the Case of the Hellacious Hag,"Heather G. Harris, Jilleen Dolbeare",7 hrs and 23 mins,$19.95,English,04-14-25,5
House of Sky and Breath,Sarah J. Maas,27 hrs and 42 mins,$49.95,English,02-15-22,5
"The Witches of Scotland: The Complete Series, Books 1-8",Steven P Aitchison,32 hrs and 7 mins,$29.95,English,10-24-24,4.5
Water Treatment Plant Operator Exam Prep,Aldrich Lane,6 hrs and 46 mins,$19.95,English,04-14-25,5
"Harry Potter and the Deathly Hallows, Book 7",J.K. Rowling,21 hrs and 36 mins,$44.99,English,11-20-15,5
To Have and Have More,Sanibel,9 hrs and 4 mins,$19.95,English,04-14-25,Not rated yet
The Fellowship of the Ring,J. R. R. Tolkien,19 hrs and 7 mins,$25.79,English,10-09-12,5
Cappadonna 2,Jahquel J.,4 hrs and 42 mins,$29.90,English,04-15-25,5
"Summer Romance Hacks: Finding Love, Adventure & Connection",Geovanny Gomez,3 hrs and 14 mins,$14.95,English,04-14-25,Not rated yet
This Inevitable Ruin,Matt Dinniman,28 hrs and 40 mins,$49.95,English,02-11-25,5
Entender tu muerte me salvó la vida,Roberto Aguirre,2 hrs and 37 mins,$6.99,Spanish,04-08-25,5
A Storm of Swords,George R.R. Martin,47 hrs and 34 mins,$40.50,English,03-11-04,5
Madness,Shantel Tessier,23 hrs and 33 mins,$29.95,English,12-14-24,5
Dune,Frank Herbert,21 hrs and 2 mins,$33.74,English,12-31-06,4.5
False Witness,"Matthew Costello, Neil Richards",3 hrs and 26 mins,$4.89,English,04-17-25,4.5
Toxic,Nicole Blanchard,7 hrs and 18 mins,$19.95,English,02-21-25,4.5
In Good Company,Kat Singleton,9 hrs and 58 mins,$19.95,English,04-03-25,4.5
A Court of Wings and Ruin,Sarah J. Maas,25 hrs and 9 mins,$30.09,English,05-02-17,5
I Will Break You,Gigi Styx,17 hrs and 33 mins,$24.95,English,11-09-24,4.5
The Ashes and the Star-Cursed King,Carissa Broadbent,19 hrs and 27 mins,$44.99,English,10-24-23,4.5
Primal Conjurer: The Complete Series,Danny Rogan,55 hrs and 20 mins,$61.25,English,04-14-25,5
"Harry Potter and the Half-Blood Prince, Book 6",J.K. Rowling,18 hrs and 32 mins,$44.99,English,11-20-15,5
"The America Falls Omnibus, Books 1-11",Scott Medbury,59 hrs and 35 mins,$19.49,English,08-23-24,4.5
Nobody's Fool,Harlan Coben,11 hrs and 17 mins,$21.83,English,03-25-25,4.5
Into the Gray Zone,Brad Taylor,12 hrs and 29 mins,$28.79,English,04-22-25,Not rated yet
Fourth Wing (Part 1 of 2) (Dramatized Adaptation),Rebecca Yarros,7 hrs and 52 mins,$17.19,English,12-27-23,5
"Harry Potter and the Sorcerer's Stone, Book 1",J.K. Rowling,8 hrs and 18 mins,$29.99,English,11-20-15,5
Strangers in the Pines,A.J. Rivers,8 hrs and 11 mins,$19.95,English,04-14-25,5
Sugarland,Tom Fontana,4 hrs and 6 mins,$24.95,English,04-03-25,4
中国通史 [A General History of China],吕思勉,30 hrs and 28 mins,$29.95,Mandarin Chinese,02-24-25,5
The Vanilla Killer,Peter Boland,9 hrs and 18 mins,$20.00,English,05-13-25,Not rated yet
When Wizards Follow Fools,Andrew Rowe,19 hrs and 25 mins,$49.90,English,04-08-25,5
Fourth Wing (Part 2 of 2) (Dramatized Adaptation),Rebecca Yarros,9 hrs and 22 mins,$21.49,English,02-09-24,5
The Twisted Women's Book Club,"Karin Slaughter, Lee Child, B.A. Paris, Caroline Kepnes, Oyinkan Braithwaite, Sarah Pekkanen, Linwood Barclay, Naomi Hirahara, K. J. Howe, Robert Dugoni, Alison Gaylin, Heather Gudenkauf, Shari Lapena, Clare Mackintosh, Stacy Willingham",10 hrs and 49 mins,$33.90,English,04-10-25,4.5
Say You'll Remember Me,Abby Jimenez,9 hrs and 59 mins,$21.83,English,04-01-25,4.5
"The Word of Promise Audio Bible—New King James Version, NKJV: Complete Bible",Thomas Nelson Inc.,98 hrs and 1 min,$46.79,English,11-05-09,4.5
The 5 Second Rule,Mel Robbins,7 hrs and 35 mins,$19.95,English,02-22-17,4.5
My Silver Lining,Laura Pavlov,8 hrs and 36 mins,$19.95,English,03-20-25,5
React 18 for Beginners,Robert Brown,3 hrs and 29 mins,$14.95,English,04-15-25,5
Iron Flame (Part 1 of 2) (Dramatized Adaptation),Rebecca Yarros,11 hrs and 38 mins,$27.51,English,05-17-24,5
The Woman Left Behind,Kristen Ashley,12 hrs and 20 mins,$24.95,English,04-15-25,4.5
A Child’s History of England,Charles Dickens,16 hrs and 6 mins,$24.95,English,03-10-25,Not rated yet
Liver and Kidney Rescue Mastery 2 in 1 Value Collection,Gabrielle Townsend,5 hrs and 23 mins,$19.95,English,01-12-22,5
Fae and Fare,pirateaba,61 hrs and 4 mins,$41.99,English,07-14-20,5
Mockingjay,Suzanne Collins,11 hrs and 19 mins,$21.83,English,06-19-19,5
10 Ways to Accidentally Fall in Love,Emmy Sanders,9 hrs and 18 mins,$19.95,English,04-10-25,5
Rhino: The Rise of a Warrior,Nicholas Sansbury Smith,12 hrs and 57 mins,$21.25,English,04-01-25,5
Catching Fire,Suzanne Collins,11 hrs and 3 mins,$21.83,English,06-17-19,5
Morning Star,Pierce Brown,21 hrs and 50 mins,$25.79,English,02-09-16,5
The Perfect Divorce,Jeneva Rose,9 hrs and 27 mins,$17.49,English,04-15-25,4.5
Fragments,Nyla K,21 hrs and 53 mins,$29.95,English,04-10-25,5
The Butcher's Masquerade,Matt Dinniman,23 hrs and 33 mins,$34.95,English,05-26-22,5
Human Omega: Married to the Barbarian Prince,Eileen Glass,17 hrs and 48 mins,$20.99,English,04-13-25,5
Iron Flame (Part 2 of 2) (Dramatized Adaptation),Rebecca Yarros,9 hrs and 27 mins,$20.00,English,07-12-24,5
A Clash of Kings,George R.R. Martin,37 hrs and 12 mins,$40.50,English,12-28-03,5
Seducción vs. Psicología Oscura y Blanca (2 en 1),Drake White,7 hrs and 5 mins,$19.95,Spanish,04-16-25,Not rated yet
Inside Her,Lisa J Evans,10 hrs and 14 mins,$24.95,English,04-14-25,5
Garden of Sanctuary,pirateaba,31 hrs and 13 mins,$59.99,English,04-01-25,5
The Well of Ascension,Brandon Sanderson,28 hrs and 56 mins,$33.74,English,12-28-08,5
The Hero of Ages,Brandon Sanderson,27 hrs and 25 mins,$33.74,English,12-30-07,5
The Handmaid's Tale,Margaret Atwood,11 hrs and 1 min,$24.95,English,01-01-12,4.5
A Court of Silver Flames,Sarah J. Maas,26 hrs and 5 mins,$30.09,English,02-16-21,4.5
Does It Hurt?,H. D. Carlton,12 hrs and 7 mins,$24.95,English,03-20-23,4.5
Legacy Mindset,Korey Shaffer,7 hrs and 49 mins,$19.95,English,03-24-25,Not rated yet
The Bone Clock,Andrew James Greig,9 hrs and 21 mins,$20.00,English,04-17-25,5
Star Wars: The Mask of Fear (Reign of the Empire),Alexander Freed,16 hrs and 51 mins,$22.50,English,02-25-25,4.5
Rhino: The Rise of a Warrior,Nicholas Sansbury Smith,12 hrs and 57 mins,$21.25,English,04-01-25,5
Catching Fire,Suzanne Collins,11 hrs and 3 mins,$21.83,English,06-17-19,5
Morning Star,Pierce Brown,21 hrs and 50 mins,$25.79,English,02-09-16,5
The Perfect Divorce,Jeneva Rose,9 hrs and 27 mins,$17.49,English,04-15-25,4.5
Fragments,Nyla K,21 hrs and 53 mins,$29.95,English,04-10-25,5
The Butcher's Masquerade,Matt Dinniman,23 hrs and 33 mins,$34.95,English,05-26-22,5
Human Omega: Married to the Barbarian Prince,Eileen Glass,17 hrs and 48 mins,$20.99,English,04-13-25,5
Iron Flame (Part 2 of 2) (Dramatized Adaptation),Rebecca Yarros,9 hrs and 27 mins,$20.00,English,07-12-24,5
A Clash of Kings,George R.R. Martin,37 hrs and 12 mins,$40.50,English,12-28-03,5
Seducción vs. Psicología Oscura y Blanca (2 en 1),Drake White,7 hrs and 5 mins,$19.95,Spanish,04-16-25,Not rated yet
Inside Her,Lisa J Evans,10 hrs and 14 mins,$24.95,English,04-14-25,5
Garden of Sanctuary,pirateaba,31 hrs and 13 mins,$59.99,English,04-01-25,5
The Well of Ascension,Brandon Sanderson,28 hrs and 56 mins,$33.74,English,12-28-08,5
The Hero of Ages,Brandon Sanderson,27 hrs and 25 mins,$33.74,English,12-30-07,5
The Handmaid's Tale,Margaret Atwood,11 hrs and 1 min,$24.95,English,01-01-12,4.5
A Court of Silver Flames,Sarah J. Maas,26 hrs and 5 mins,$30.09,English,02-16-21,4.5
Does It Hurt?,H. D. Carlton,12 hrs and 7 mins,$24.95,English,03-20-23,4.5
Legacy Mindset,Korey Shaffer,7 hrs and 49 mins,$19.95,English,03-24-25,Not rated yet
The Bone Clock,Andrew James Greig,9 hrs and 21 mins,$20.00,English,04-17-25,5
Star Wars: The Mask of Fear (Reign of the Empire),Alexander Freed,16 hrs and 51 mins,$22.50,English,02-25-25,4.5
Inner Voice,Aine McCuin,57 mins,$3.95,English,12-16-24,2
The Eye of the Bedlam Bride,Matt Dinniman,26 hrs and 46 mins,$39.95,English,09-01-23,5
Wolves in the Dark,"David Archer, Vince Vogel",9 hrs and 58 mins,$19.95,English,04-16-25,4.5
A Curse Carved in Bone,Danielle L. Jensen,14 hrs and 26 mins,$22.50,English,05-13-25,Not rated yet
Herald of Shalia 5,Tamryn Tamer,17 hrs and 59 mins,$24.95,English,03-21-25,4.5
The Immortal Doc Holliday: Ferocity,M.M. Crumley,8 hrs and 2 mins,$19.95,English,04-15-25,5
Insidious Calamity,Ethan Shaw,7 hrs and 10 mins,$46.19,English,04-16-25,5
The Complete Strategy Collection,"Niccolò Machiavelli, Sun Tzu, Miyamoto Musashi, Confucius, Laozi, Kautilya, Napoleon Bonaparte, Frederick the Great, Julius Caesar",94 hrs and 29 mins,$29.95,English,04-07-25,5
Rhett,Riley Hart,7 hrs and 12 mins,$19.95,English,04-09-25,5
Shadow Card Guardian,Kacey Ezell,9 hrs and 59 mins,$19.95,English,04-14-25,Not rated yet
Seven of Hearts,Maggie Gates,9 hrs and 30 mins,$19.95,English,04-03-25,4.5
Wren,Ashley James,2 hrs and 16 mins,$6.95,English,03-26-25,4.5
Empire of the Dawn,Jay Kristoff,14 hrs and 24 mins,$24.74,English,11-04-25,Not rated yet
Affirmations for the Modern Woman,Emma Hartwell,10 hrs and 31 mins,$24.95,English,02-04-25,Not rated yet
The Journal of a Thousand Years,C.J. Archer,8 hrs and 21 mins,$19.95,English,03-12-25,5
Demon Lord Academy 4,Shane Hammond,8 hrs and 37 mins,$33.90,English,04-03-25,5
House of Flame and Shadows (Part 2 of 2) (Dramatized Adaptation),Sarah J. Maas,13 hrs and 2 mins,$25.00,English,04-16-25,5
The Women,Kristin Hannah,14 hrs and 57 mins,$24.74,English,02-06-24,5
Maybe Someday,Colleen Hoover,10 hrs and 40 mins,$19.49,English,03-18-14,4.5
Aren't We Lucky,Sarah Forbes Stewart,7 hrs and 33 mins,$21.81,English,03-31-25,4.5
The Creole Chase: A Chase Fulton Novel,Cap Daniels,8 hrs and 56 mins,$19.95,English,04-14-25,5
"Attending Online Class, but the Boyfriend Forgot to Turn Off Mic",Debbie Meshew,1 hr,$6.95,English,03-20-25,5
A Court of Mist and Fury (Part 2 of 2) (Dramatized Adaptation),Sarah J. Maas,8 hrs and 23 mins,$17.19,English,07-01-22,5
Dr. Sebi’s Natural Cures Bible: 4 in 1,Meggie Drew,8 hrs and 56 mins,$19.95,English,02-07-25,5
Greenlights,Matthew McConaughey,6 hrs and 51 mins,$18.00,English,10-20-20,5
The Sniper,Delta James,6 hrs and 3 mins,$19.95,English,04-16-25,5
The Murder House,"James Patterson, David Ellis",11 hrs and 26 mins,$21.83,English,09-28-15,4.5
Morbidly Yours,Ivy Fairbanks,9 hrs and 34 mins,$33.90,English,08-20-24,4.5
C. S. Lewis. Collection of Religious Works,C. S. Lewis,20 hrs and 11 mins,$14.76,English,04-08-25,Not rated yet
Pride and Prejudice,Jane Austen,11 hrs and 35 mins,$24.95,English,12-08-15,5
Mason's Mark,Dale Mayer,3 hrs and 4 mins,$14.95,English,04-15-25,5
The Assassin and the Desert,Sarah J. Maas,2 hrs and 55 mins,$6.95,English,04-10-25,3
Demeter,Alan D. Hansen,6 hrs and 35 mins,$19.95,English,07-19-24,5
The Will of the Many,James Islington,28 hrs and 14 mins,$49.95,English,05-23-23,5
Hell Difficulty Tutorial 3,Cerim,24 hrs and 19 mins,$29.95,English,04-01-25,5
The Hobbit,J. R. R. Tolkien,10 hrs and 25 mins,$21.49,English,09-21-20,5
The Housemaid's Secret,Freida McFadden,9 hrs and 44 mins,$19.95,English,02-20-23,4.5
Project Hail Mary,Andy Weir,16 hrs and 10 mins,$29.95,English,05-04-21,5
The Nightingale,Kristin Hannah,17 hrs and 19 mins,$24.74,English,02-03-15,5
Her Feral Beasts,E.P. Bali,13 hrs and 14 mins,$24.95,English,04-16-25,Not rated yet
"Harry Potter and the Chamber of Secrets, Book 2",J.K. Rowling,9 hrs and 2 mins,$29.99,English,11-20-15,5
My Dark Fairy Tale,Giana Darling,10 hrs and 52 mins,$30.09,English,04-08-25,4.5
Empire of Storms,Sarah J. Maas,25 hrs and 18 mins,$39.95,English,09-06-16,5
Elon Musk,Walter Isaacson,20 hrs and 39 mins,$26.24,English,09-12-23,5
The Nightingale and the Rose,Jolie Dvorak,10 hrs and 41 mins,$24.95,English,04-17-25,Not rated yet
U.S. Army Guerrilla Warfare Handbook,U.S. Department of the Army,5 hrs and 41 mins,$4.19,English,04-15-25,Not rated yet
Heaven's River,Dennis E. Taylor,16 hrs and 57 mins,$39.95,English,09-24-20,5
The Weirdies: Maybe This Is a Bit Too Weird,Michael Buckley,2 hrs and 10 mins,$14.95,English,04-03-25,4.5
Once Upon a Crime,Brynn Kelly,10 hrs and 50 mins,$33.90,English,03-06-25,4.5
The Path of Ascension 8,C. Mantis,27 hrs and 23 mins,$29.95,English,02-05-25,5
A Court of Thorns and Roses,Sarah J. Maas,16 hrs and 7 mins,$25.79,English,05-05-15,4.5
"Harry Potter and the Prisoner of Azkaban, Book 3",J.K. Rowling,11 hrs and 49 mins,$29.99,English,11-20-15,5
The Finish Line,Kate Stewart,14 hrs and 39 mins,$21.50,English,08-03-21,5
Sunshakeable Confidence,Wayne Karl,3 hrs and 13 mins,$14.95,English,04-14-25,Not rated yet
Tale of the Heart Queen,Nisha J. Tuli,18 hrs and 23 mins,$49.90,English,11-26-24,4.5
Fight,"Jonathan Allen, Amie Parnes",11 hrs and 18 mins,$25.19,English,04-01-25,4.5
Heartless Heathens,Santana Knox,13 hrs and 42 mins,$24.95,English,04-11-25,4.5
Vicious Fae,"Caroline Peckham, Susanne Valenti",17 hrs and 57 mins,$24.95,English,05-10-21,5
The Holy Bible: King James Version,King James Bible,82 hrs and 53 mins,$39.95,English,11-17-20,4.5
Apocalypse Healer: A LitRPG Adventure,HideousGrain,14 hrs and 48 mins,$24.95,English,04-15-25,4
When the Moon Hits Your Eye,John Scalzi,10 hrs and 5 mins,$33.90,English,03-25-25,4
"Urban Gardening and Raised Bed Gardening Guidebooks for Beginners Trilogy: For Small Space, Backyard Mini & Container Gardens",David Whitehead,15 hrs and 3 mins,$24.95,English,01-19-24,5
Torrent Witches Cozy Mysteries Complete Box Set: Books 1-10,Tess Lake,65 hrs and 31 mins,$29.95,English,04-27-22,5
Hercule Poirot: The Complete Short Stories,Agatha Christie,35 hrs and 5 mins,$24.29,English,08-31-21,5
Dungeon Diving 203,Bruce Sentar,11 hrs and 12 mins,$24.95,English,03-13-25,4.5
The Building 402 Collection,Alexandra Warren,12 hrs and 24 mins,$24.95,English,03-19-25,5
The Fellowship of the Ring,J. R. R. Tolkien,22 hrs and 38 mins,$25.79,English,09-16-21,5
Red Rising,Pierce Brown,16 hrs and 12 mins,$25.79,English,01-28-14,4.5
"The Mad Mick Box Set, Volume 3",Franklin Horton,29 hrs and 2 mins,$29.95,English,01-22-25,5
Wander Wise,Larry Gutierrez,3 hrs and 3 mins,$14.95,English,04-08-25,Not rated yet
Rule of the Aurora King,Nisha J. Tuli,14 hrs and 26 mins,$21.50,English,08-15-23,4.5
Why We Sleep,Matthew Walker,13 hrs and 52 mins,$22.49,English,10-03-17,5
Jameson,Anna Hackett,4 hrs and 46 mins,$14.95,English,04-08-25,4.5
A Court of Mist and Fury (Part 1 of 2) (Dramatized Adaptation),Sarah J. Maas,8 hrs and 26 mins,$17.19,English,06-01-22,5
"An Irish Village Mystery Bundle, Books 1-3",Carlene O'Connor,29 hrs and 55 mins,$28.16,English,03-08-22,4.5
The Sentinel: The Complete Jane Harper Trilogy,Jeremy Robinson,27 hrs and 6 mins,$59.99,English,03-04-25,5
A Kingdom of Flesh and Fire,Jennifer L. Armentrout,24 hrs and 21 mins,$32.89,English,11-03-20,5
The Writer,"James Patterson, J. D. Barker",9 hrs and 30 mins,$21.83,English,03-17-25,4.5
Mountain Boss,S.J. Tilly,9 hrs and 40 mins,$19.95,English,03-27-25,4.5
Astral Odyssey: The Complete Omnibus,"Virgil Knightley, Jay Aury",28 hrs and 51 mins,$61.25,English,04-17-25,5
Words of Radiance,Brandon Sanderson,48 hrs and 15 mins,$37.49,English,03-04-14,5
Oathbringer,Brandon Sanderson,55 hrs and 5 mins,$41.24,English,11-14-17,5
The Scarlet Wolf: A Blood Magic Lycanthrope LitRPG,Shane Purdy,17 hrs and 47 mins,$49.90,English,04-07-25,4.5
"A Killer Coffee Mystery Series, Books 13-15",Tonya Kappes,17 hrs and 35 mins,$24.95,English,04-15-25,Not rated yet
Beautiful Ugly,Alice Feeney,9 hrs and 19 mins,$20.24,English,01-14-25,4
The Beauty Unvailed,Larry Gutierrez,3 hrs,$14.95,English,04-10-25,Not rated yet
Lethal Prey,John Sandford,11 hrs and 12 mins,$20.25,English,03-25-25,4.5
"Mushoku Tensei: Redundant Reincarnation, Vol. 2",Rifujin na Magonote,7 hrs and 42 mins,$19.95,English,04-01-25,5
The Hunger Games,Suzanne Collins,10 hrs and 35 mins,$21.83,English,10-30-18,5
Final Days,Grace Hamilton,10 hrs and 24 mins,$24.95,English,04-15-25,Not rated yet
Otherworldly,Lee Bacon,2 hrs and 53 mins,$14.95,English,04-10-25,4.5
Defiance of the Fall 2,"TheFirstDefier, JF Brink",24 hrs and 30 mins,$29.95,English,08-10-21,5
The Five Year Lie,Sarina Bowen,12 hrs and 41 mins,$25.19,English,05-07-24,4.5
Priest: A Love Story,Sierra Simone,8 hrs and 7 mins,$19.95,English,06-13-17,4.5
Effortless Success for Women,Emilio Jeter,3 hrs,$14.95,English,04-10-25,Not rated yet
Dark Age,Pierce Brown,33 hrs and 58 mins,$30.09,English,07-31-19,4.5
Queen of Shadows,Sarah J. Maas,20 hrs and 43 mins,$34.94,English,09-01-15,5
A Court of Silver Flames (Part 1 of 2) (Dramatized Adaptation),Sarah J. Maas,10 hrs,$25.79,English,08-14-23,5
Improving Memory Power,Taylor Everett,3 hrs and 51 mins,$14.95,English,04-09-25,Not rated yet
The Complete Philosophy Collection,"Sun Tzu, Marcus Aurelius, Frederich Nietzsche, Ralph Waldo Emerson, Miyamonto Musashi, Seneca, Friedrich Nietzsche, Soren Kierkegaard, Conficuis, Plato, Lucretius, Aristotle, Epictetus, James Allen",113 hrs and 12 mins,$29.95,English,03-26-25,5